crashid,location,severity_rating5,intersection,alcohol_involved,hazmat_involved,hs_collision_type,crash_type,road_sys_code,road_horiz_align_code,road_grade_code,road_surf_code,surf_cond_code,light_cond_code,environ_cond_code,road_median_code,temp_traffic_zone,posted_speed,first_harmful_event,flg_cell_in_use
10-19-2016-038-16,HUNTERDON-LEBANON TWP,4,N,N,N,4,11,2,0,4,2,2,1,2,5,1,50,5,N
10-19-2016-088-16,HUNTERDON-LEBANON TWP,4,N,N,N,2,99,7,0,0,2,1,5,1,5,1,25,26,N
10-21-2016-16147646,HUNTERDON-RARITAN TWP,4,Y,Y,N,4,11,5,0,0,2,1,7,1,4,,45,6,N
10-21-2016-16073406,HUNTERDON-RARITAN TWP,5,Y,N,N,1,13,2,1,4,2,1,7,1,1,1,55,22,N
10-21-2016-16069608,HUNTERDON-RARITAN TWP,4,Y,N,N,1,13,2,1,4,2,1,6,1,1,,45,22,N
10-21-2016-16034622,HUNTERDON-RARITAN TWP,4,Y,N,N,2,3,2,1,0,2,1,1,1,3,1,55,26,N
10-22-2016-16029875,HUNTERDON-READINGTON TWP,4,N,N,N,4,10,2,1,4,2,1,1,1,3,1,55,7,N
10-22-2016-16038502,HUNTERDON-READINGTON TWP,5,N,Y,N,4,11,5,1,0,2,1,1,5,5,1,50,5,N
10-22-2016-16104945,HUNTERDON-READINGTON TWP,4,N,N,N,4,11,7,0,4,2,1,1,1,5,1,35,6,N
10-22-2016-B110-2016-00611A,HUNTERDON-READINGTON TWP,5,N,N,N,7,11,1,1,4,2,1,1,1,1,1,65,46,N
10-24-2016-16111768,HUNTERDON-TEWKSBURY TWP,4,N,N,N,4,11,5,0,4,2,2,1,1,5,1,40,5,N
10-24-2016-B110-2016-00184A,HUNTERDON-TEWKSBURY TWP,4,N,N,N,4,11,1,1,4,2,2,2,3,1,1,65,6,N
10-24-2016-16095859,HUNTERDON-TEWKSBURY TWP,4,N,N,N,2,99,5,0,0,2,1,3,1,5,1,40,26,N
10-25-2016-B110-2016-00319A,HUNTERDON-UNION TWP,5,N,N,N,4,10,1,1,4,2,1,1,1,1,1,65,6,N
10-25-2016-B110-2016-01155A,HUNTERDON-UNION TWP,5,N,N,N,2,6,5,1,4,2,2,1,5,5,1,50,26,N
10-25-2016-B110-2016-01056A,HUNTERDON-UNION TWP,4,N,N,N,4,11,1,1,4,2,1,1,1,3,1,65,5,N
10-26-2016-16153887,HUNTERDON-WEST AMWELL TWP,5,N,N,N,1,13,9,1,7,5,1,1,1,5,1,,22,N
11-01-2016-16-13102,MERCER-EAST WINDSOR TWP,5,N,N,N,1,13,9,1,4,2,1,1,1,5,1,25,22,N
11-01-2016-16-10037,MERCER-EAST WINDSOR TWP,5,N,N,N,5,14,2,1,4,2,1,1,1,5,1,45,21,N
11-01-2016-16-3477,MERCER-EAST WINDSOR TWP,4,N,N,N,2,1,5,1,4,2,2,1,2,5,1,40,26,N
11-01-2016-16-8590,MERCER-EAST WINDSOR TWP,4,Y,Y,N,7,3,5,1,4,2,1,1,1,5,1,50,26,N
11-02-2016-I-2016-008645,MERCER-EWING TWP,5,Y,N,N,2,7,2,1,4,2,1,1,1,5,1,35,26,N
11-02-2016-C060-2016-01255A,MERCER-EWING TWP,5,N,N,N,2,6,1,1,4,2,1,5,1,1,1,65,26,N
11-03-2016-16-37241,MERCER-HAMILTON TWP,5,N,N,N,4,13,5,0,4,2,1,7,1,5,1,35,6,N
11-03-2016-16-48167,MERCER-HAMILTON TWP,5,N,N,N,7,11,5,0,4,2,2,6,4,5,1,45,56,N
11-03-2016-C060-2016-01564A,MERCER-HAMILTON TWP,4,N,N,N,3,1,1,1,4,2,1,1,1,1,1,65,26,N
11-03-2016-16-32361,MERCER-HAMILTON TWP,5,Y,N,N,4,3,5,1,4,2,1,1,1,5,1,40,26,N
11-03-2016-C060-2016-01600A,MERCER-HAMILTON TWP,4,N,N,N,4,11,1,1,4,2,1,1,1,1,1,65,5,N
11-03-2016-16-49048,MERCER-HAMILTON TWP,4,Y,N,N,7,11,7,1,4,2,1,6,1,5,1,35,56,N
11-03-2016-D020-2016-00976A,MERCER-HAMILTON TWP,5,N,N,N,2,6,3,1,4,2,2,6,5,1,1,65,28,N
11-03-2016-16-22225,MERCER-HAMILTON TWP,5,N,N,N,4,3,2,1,4,2,1,1,1,5,1,40,26,N
11-03-2016-16-262,MERCER-HAMILTON TWP,5,Y,N,N,7,7,7,1,4,2,1,1,1,2,1,35,26,N
11-03-2016-16-33872,MERCER-HAMILTON TWP,4,Y,N,N,7,11,5,0,4,2,1,1,5,5,1,40,56,N
11-03-2016-C060-2016-00628A,MERCER-HAMILTON TWP,4,N,Y,N,7,11,1,1,4,2,1,6,1,1,1,65,46,N
11-03-2016-16-11416,MERCER-HAMILTON TWP,4,N,N,N,2,6,5,1,0,2,1,1,1,5,1,35,26,N
11-03-2016-16-35211,MERCER-HAMILTON TWP,5,Y,Y,N,7,3,7,1,4,2,1,6,1,2,1,35,26,N
11-03-2016-D020-2016-00011A,MERCER-HAMILTON TWP,5,N,Y,N,1,13,3,1,4,2,1,5,1,1,1,65,22,N
11-03-2016-16-31250,MERCER-HAMILTON TWP,4,Y,N,N,2,1,5,1,4,2,1,1,1,,1,35,26,N
11-04-2016-16-03659,MERCER-HIGHTSTOWN BORO,4,N,N,N,2,6,5,1,0,2,1,6,1,4,1,25,26,N
11-06-2016-HT2016-022272,MERCER-HOPEWELL TWP,4,N,N,N,4,99,5,0,4,2,1,5,1,5,1,45,7,N
11-06-2016-HT2016-011303,MERCER-HOPEWELL TWP,4,N,N,N,4,99,5,0,0,2,1,1,1,5,1,25,7,N
11-06-2016-HT2016-008633,MERCER-HOPEWELL TWP,4,Y,N,N,4,4,5,1,4,2,1,1,1,5,1,45,26,N
11-06-2016-HT2016-006256,MERCER-HOPEWELL TWP,4,N,N,N,4,4,5,1,4,2,1,3,1,5,1,45,26,N
11-06-2016-HT2016-013983,MERCER-HOPEWELL TWP,4,N,Y,N,2,4,2,1,4,2,1,1,1,5,1,45,26,N
11-06-2016-HT2016-003266,MERCER-HOPEWELL TWP,4,N,Y,N,4,11,7,0,4,2,2,4,1,5,1,25,5,N
11-06-2016-HT2016-010997,MERCER-HOPEWELL TWP,5,Y,Y,N,2,10,5,1,4,2,1,1,1,5,1,45,26,N
11-07-2016-16-5059-AC,MERCER-LAWRENCE TWP,5,N,N,N,4,11,7,1,4,2,1,5,1,4,,45,6,N
11-07-2016-C060-2016-00443A,MERCER-LAWRENCE TWP,4,N,N,N,4,11,1,1,4,2,2,1,2,1,1,65,5,N
11-14-2016-16-14932,MERCER-PRINCETON,4,Y,N,N,4,11,2,1,4,2,2,2,2,5,1,40,5,N
11-14-2016-16-26898,MERCER-PRINCETON,4,N,N,N,4,4,7,0,0,2,1,1,1,5,1,25,26,N
11-14-2016-16-12223,MERCER-PRINCETON,4,N,N,N,4,11,2,1,4,2,1,1,1,5,1,25,5,N
11-14-2016-16-31996,MERCER-PRINCETON,4,N,N,N,2,1,2,1,4,2,1,1,1,5,1,30,26,N
11-14-2016-16-12277,MERCER-PRINCETON,4,N,N,N,4,4,5,1,4,1,2,1,2,5,1,35,26,N
11-10-2016-16-30259,MERCER-PRINCETON TWP,5,N,N,N,1,13,7,1,4,2,1,7,1,5,1,45,22,N
11-12-2016-I-2016-016219,MERCER-ROBBINSVILLE TWP,4,Y,N,N,2,1,2,1,4,2,1,1,1,3,1,55,26,N
11-12-2016-I-2016-008231,MERCER-ROBBINSVILLE TWP,5,N,N,N,1,13,5,1,4,2,1,2,1,5,1,45,22,Y
11-11-2016-16004350,MERCER-TRENTON CITY,5,Y,N,N,1,3,2,1,4,2,1,1,1,3,1,40,26,N
11-11-2016-C430-2016-00001A,MERCER-TRENTON CITY,4,N,Y,N,2,4,5,1,4,2,1,1,1,5,1,25,26,N
11-11-2016-16013880,MERCER-TRENTON CITY,4,Y,N,N,2,13,7,1,4,2,1,1,1,5,1,25,26,N
11-11-2016-16008101,MERCER-TRENTON CITY,5,N,Y,N,7,11,2,0,4,2,1,4,1,2,1,40,56,N
11-11-2016-16011209,MERCER-TRENTON CITY,4,Y,N,N,2,4,2,1,4,2,1,6,1,1,1,40,26,N
11-11-2016-16014448,MERCER-TRENTON CITY,5,Y,Y,N,4,99,2,0,4,2,1,6,1,3,1,40,11,N
11-11-2016-1601753,MERCER-TRENTON CITY,4,Y,N,N,2,4,7,1,4,2,4,1,5,5,1,25,26,N
11-11-2016-16010530,MERCER-TRENTON CITY,5,Y,N,N,1,13,7,0,4,2,1,5,1,1,1,25,22,N
11-11-2016-16014854,MERCER-TRENTON CITY,5,N,N,N,1,13,7,1,0,2,1,6,1,2,1,2,22,N
11-13-2016-2016-23568,MERCER-WEST WINDSOR TWP,4,N,Y,N,2,2,5,1,4,2,2,1,2,5,1,35,26,N
11-13-2016-2016-18408,MERCER-WEST WINDSOR TWP,4,N,Y,N,4,4,5,1,4,2,1,6,1,5,1,50,26,N
11-13-2016-2016-24315,MERCER-WEST WINDSOR TWP,4,N,Y,N,2,1,2,1,4,2,1,6,1,2,1,55,26,N
11-13-2016-2016-6691,MERCER-WEST WINDSOR TWP,4,N,N,N,2,4,7,0,4,2,1,1,1,4,1,35,26,N
11-13-2016-2016-24551,MERCER-WEST WINDSOR TWP,4,N,N,N,2,2,2,1,4,2,1,1,1,1,1,55,26,N
11-13-2016-2016-19478,MERCER-WEST WINDSOR TWP,5,N,N,N,4,11,6,0,0,2,1,6,1,3,1,35,6,N
12-01-2016-I-2016-023150,MIDDLESEX-CARTERET BORO,4,N,N,N,5,14,5,1,4,2,1,1,1,5,1,25,21,N
12-01-2016-I-2016-045861,MIDDLESEX-CARTERET BORO,4,Y,N,N,2,3,7,1,0,2,1,6,1,5,1,25,26,N
12-02-2016-D010-2016-01206A,MIDDLESEX-CRANBURY TWP,5,N,N,N,2,6,3,1,4,2,1,5,1,1,1,,26,N
12-02-2016-I-2016-003945,MIDDLESEX-CRANBURY TWP,4,N,N,N,4,10,5,1,4,2,1,1,1,5,1,50,5,N
12-02-2016-D010-2016-00876A,MIDDLESEX-CRANBURY TWP,5,N,Y,N,4,11,3,1,4,2,1,1,1,1,1,65,6,N
12-03-2016-16-239,MIDDLESEX-DUNELLEN BORO,5,Y,N,N,2,3,5,1,4,2,1,1,1,5,1,25,26,N
12-04-2016-16-09806,MIDDLESEX-EAST BRUNSWICK TWP,4,Y,N,N,7,11,7,1,4,2,1,6,1,5,1,40,56,N
12-04-2016-16-50958,MIDDLESEX-EAST BRUNSWICK TWP,4,N,N,N,7,11,5,1,4,2,1,1,1,4,1,40,56,N
12-04-2016-16-69589,MIDDLESEX-EAST BRUNSWICK TWP,4,N,N,N,2,14,2,1,4,2,1,6,1,2,1,45,26,N
12-04-2016-16-83710,MIDDLESEX-EAST BRUNSWICK TWP,5,N,N,N,2,4,5,1,4,2,1,6,1,5,1,45,26,N
12-04-2016-16-24634,MIDDLESEX-EAST BRUNSWICK TWP,4,Y,N,N,2,3,7,1,0,2,1,1,1,2,1,25,26,N
12-04-2016-D010-2016-00787A,MIDDLESEX-EAST BRUNSWICK TWP,5,N,Y,N,1,13,3,0,0,2,1,5,1,1,1,65,22,N
12-04-2016-16-58462,MIDDLESEX-EAST BRUNSWICK TWP,5,N,N,N,1,13,9,1,4,2,1,1,1,5,1,,22,N
12-04-2016-16-47148,MIDDLESEX-EAST BRUNSWICK TWP,4,N,N,N,2,3,7,1,0,2,1,1,1,4,1,30,26,N
12-04-2016-D010-2016-00446A,MIDDLESEX-EAST BRUNSWICK TWP,5,N,Y,N,7,11,3,1,4,2,1,1,1,1,1,65,46,N
12-05-2016-16019498,MIDDLESEX-EDISON TWP,4,Y,Y,N,2,4,5,1,4,2,1,7,1,4,1,40,26,N
12-05-2016-B130-2016-01949A,MIDDLESEX-EDISON TWP,5,N,Y,N,4,11,1,0,0,2,1,1,1,1,1,65,6,N
12-05-2016-16039517,MIDDLESEX-EDISON TWP,4,N,N,N,2,2,2,1,4,2,2,1,2,1,1,50,26,N
12-05-2016-16053217,MIDDLESEX-EDISON TWP,4,Y,N,N,2,7,2,1,4,2,2,6,2,1,1,50,26,N
12-05-2016-16024824,MIDDLESEX-EDISON TWP,5,N,N,N,7,11,9,1,4,2,1,1,1,5,1,15,56,N
12-05-2016-16006867,MIDDLESEX-EDISON TWP,4,Y,N,N,2,3,5,1,4,2,1,1,1,5,1,35,26,N
12-05-2016-16062561,MIDDLESEX-EDISON TWP,4,N,N,N,4,11,5,1,4,2,1,1,1,5,1,35,5,Y
12-05-2016-16053400,MIDDLESEX-EDISON TWP,4,Y,N,N,7,11,7,1,4,2,1,6,1,5,1,25,52,N
12-05-2016-D010-2016-00020A,MIDDLESEX-EDISON TWP,5,N,N,N,4,11,3,1,4,2,1,1,1,1,1,65,5,N
12-05-2016-D010-2016-01302A,MIDDLESEX-EDISON TWP,4,N,N,N,7,11,3,1,4,2,1,1,1,1,1,65,48,N
12-05-2016-16006153,MIDDLESEX-EDISON TWP,5,N,N,N,1,13,9,1,4,2,99,6,1,5,1,15,22,N
12-05-2016-16038303,MIDDLESEX-EDISON TWP,5,N,N,N,7,7,2,1,0,2,2,1,1,5,1,40,26,N
12-05-2016-16058635,MIDDLESEX-EDISON TWP,5,Y,Y,N,7,3,2,1,4,2,1,6,1,1,1,50,26,N
12-05-2016-16011785,MIDDLESEX-EDISON TWP,4,N,N,N,4,99,2,1,4,2,1,1,1,1,1,50,5,N
12-05-2016-16016294,MIDDLESEX-EDISON TWP,5,Y,N,N,7,5,2,1,4,2,1,1,1,5,1,45,26,N
12-05-2016-D010-2016-00642A,MIDDLESEX-EDISON TWP,5,N,N,N,7,2,3,1,4,2,1,1,1,1,2,65,26,N
12-05-2016-16025132,MIDDLESEX-EDISON TWP,4,N,N,N,2,4,5,1,4,2,1,1,1,5,1,35,26,N
12-07-2016-I-2016-017917,MIDDLESEX-HIGHLAND PARK BORO,5,Y,N,N,1,13,2,1,4,2,1,1,1,5,1,30,22,N
12-07-2016-I-2016-000932,MIDDLESEX-HIGHLAND PARK BORO,5,Y,N,N,4,13,2,1,0,1,1,1,1,5,1,40,5,N
12-08-2016-16-3717,MIDDLESEX-JAMESBURG BORO,4,Y,N,N,2,4,7,1,4,2,1,1,1,5,1,25,26,N
12-08-2016-16-2207,MIDDLESEX-JAMESBURG BORO,4,Y,N,N,2,3,7,1,4,2,1,1,1,5,1,25,26,N
12-10-2016-16-15136,MIDDLESEX-METUCHEN BORO,5,N,N,N,4,11,7,1,4,2,1,1,1,5,1,25,6,N
12-10-2016-16-11099,MIDDLESEX-METUCHEN BORO,5,Y,N,N,2,7,2,1,0,2,1,1,1,5,1,35,26,N
12-11-2016-2016012792,MIDDLESEX-MIDDLESEX BORO,4,N,Y,N,4,10,2,1,4,2,2,6,2,4,1,35,11,N
12-12-2016-I-2016-005083,MIDDLESEX-MILLTOWN BORO,4,N,N,N,2,6,7,1,0,2,1,5,1,5,1,25,28,N
12-13-2016-16014198,MIDDLESEX-MONROE TWP,5,Y,N,N,3,10,5,1,4,2,2,1,2,5,1,50,26,N
12-13-2016-16032072,MIDDLESEX-MONROE TWP,4,Y,Y,N,4,11,5,1,4,2,2,1,5,5,1,45,5,N
12-13-2016-16004232,MIDDLESEX-MONROE TWP,4,N,Y,N,4,11,5,0,4,2,1,7,1,5,1,45,5,N
12-13-2016-16033333,MIDDLESEX-MONROE TWP,5,N,N,N,4,11,7,1,4,2,1,3,1,5,1,35,5,N
12-13-2016-16039204,MIDDLESEX-MONROE TWP,5,N,N,N,4,99,5,0,4,2,1,1,1,5,1,45,5,N
12-13-2016-16021937,MIDDLESEX-MONROE TWP,5,N,N,N,4,4,5,0,4,2,1,1,1,5,1,40,26,N
12-13-2016-16036785,MIDDLESEX-MONROE TWP,5,N,N,N,2,99,5,1,4,2,1,6,1,5,1,35,26,N
12-14-2016-16-10004,MIDDLESEX-NEW BRUNSWICK CITY,4,N,N,N,7,2,2,1,4,1,1,7,1,1,2,,26,N
12-14-2016-16-85936,MIDDLESEX-NEW BRUNSWICK CITY,4,N,N,N,1,13,5,1,4,2,2,1,5,4,1,25,26,N
12-14-2016-16-44704,MIDDLESEX-NEW BRUNSWICK CITY,4,Y,Y,N,2,13,7,1,0,0,1,6,5,5,1,25,26,N
12-14-2016-16-25304,MIDDLESEX-NEW BRUNSWICK CITY,4,N,N,N,4,3,7,1,4,2,1,1,1,4,1,35,26,N
12-14-2016-16-48088,MIDDLESEX-NEW BRUNSWICK CITY,5,N,Y,N,4,11,2,1,0,2,1,6,1,1,1,50,5,N
12-15-2016-16081033,MIDDLESEX-NORTH BRUNSWICK TWP,4,Y,N,N,7,1,2,1,4,2,1,1,1,1,,55,26,N
12-15-2016-16018372,MIDDLESEX-NORTH BRUNSWICK TWP,5,N,N,N,1,13,9,1,4,2,1,1,1,5,1,5,22,N
12-15-2016-16083678,MIDDLESEX-NORTH BRUNSWICK TWP,5,N,N,N,1,13,2,1,4,2,1,5,1,1,1,55,22,N
12-09-2016-16008122,MIDDLESEX-OLD BRIDGE TWP,4,N,N,N,7,2,2,1,0,2,1,1,5,2,1,55,26,N
12-09-2016-16025874,MIDDLESEX-OLD BRIDGE TWP,5,N,Y,N,2,1,2,1,4,2,1,1,1,3,1,55,26,N
12-09-2016-16025198,MIDDLESEX-OLD BRIDGE TWP,5,N,N,N,4,11,5,0,4,2,1,7,1,4,1,50,5,N
12-09-2016-16019850,MIDDLESEX-OLD BRIDGE TWP,4,N,N,N,2,1,2,1,4,2,1,1,1,3,1,55,26,N
12-09-2016-16009547,MIDDLESEX-OLD BRIDGE TWP,5,N,N,N,4,11,7,1,4,2,1,5,1,5,1,25,5,N
12-09-2016-16028485,MIDDLESEX-OLD BRIDGE TWP,4,N,N,N,7,11,2,1,4,2,1,6,1,3,1,55,46,N
12-09-2016-16012091,MIDDLESEX-OLD BRIDGE TWP,5,Y,N,N,2,7,5,1,4,2,1,1,1,5,1,50,26,N
12-09-2016-16008362,MIDDLESEX-OLD BRIDGE TWP,5,N,N,N,4,99,2,1,4,2,1,1,1,3,1,55,6,N
12-09-2016-E050-2016-00253A,MIDDLESEX-OLD BRIDGE TWP,5,N,N,N,4,11,3,1,4,2,5,1,3,1,1,65,6,N
12-09-2016-16023909,MIDDLESEX-OLD BRIDGE TWP,5,Y,N,N,2,3,5,1,4,2,1,1,1,5,1,45,26,N
12-16-2016-16034207,MIDDLESEX-PERTH AMBOY CITY,4,Y,Y,N,2,13,5,1,4,2,1,6,1,99,,25,26,N
12-16-2016-16034010,MIDDLESEX-PERTH AMBOY CITY,4,Y,N,N,2,14,5,1,4,2,1,6,1,5,1,25,26,N
12-16-2016-16036945,MIDDLESEX-PERTH AMBOY CITY,4,Y,N,N,2,13,2,1,4,2,1,5,1,5,1,35,26,N
12-16-2016-16042827,MIDDLESEX-PERTH AMBOY CITY,4,N,N,N,1,13,7,1,4,2,1,1,1,5,1,25,22,N
12-16-2016-16033565,MIDDLESEX-PERTH AMBOY CITY,4,Y,N,N,2,3,2,1,4,2,1,1,1,4,1,45,26,N
12-16-2016-16043536,MIDDLESEX-PERTH AMBOY CITY,4,Y,N,N,4,4,5,1,4,2,1,7,1,5,1,25,26,N
12-17-2016-16028287,MIDDLESEX-PISCATAWAY TWP,4,N,Y,N,2,4,5,1,4,2,1,1,1,5,1,45,26,N
12-17-2016-16029710,MIDDLESEX-PISCATAWAY TWP,4,N,N,N,2,13,7,1,4,2,2,5,2,2,1,40,26,N
12-17-2016-16030888,MIDDLESEX-PISCATAWAY TWP,4,N,N,N,4,4,5,1,4,2,1,1,1,2,1,40,26,N
12-17-2016-16025361,MIDDLESEX-PISCATAWAY TWP,5,N,N,N,8,99,9,1,4,2,1,7,1,5,1,,39,N
12-17-2016-B130-2016-04467A,MIDDLESEX-PISCATAWAY TWP,4,N,N,N,2,2,1,1,4,2,1,1,1,2,1,,26,N
12-17-2016-16016671,MIDDLESEX-PISCATAWAY TWP,4,Y,N,N,2,7,7,1,4,2,1,1,1,2,1,40,26,N
12-17-2016-16018978,MIDDLESEX-PISCATAWAY TWP,4,Y,Y,N,7,3,7,1,4,2,1,6,1,2,2,,26,N
12-17-2016-16022254,MIDDLESEX-PISCATAWAY TWP,4,N,N,N,4,11,6,1,4,2,2,1,2,5,,15,6,N
12-17-2016-16007510,MIDDLESEX-PISCATAWAY TWP,4,N,N,N,4,1,5,1,4,2,1,1,1,5,1,40,26,N
12-18-2016-16-13820,MIDDLESEX-PLAINSBORO TWP,4,N,N,N,7,4,5,0,4,2,1,0,1,3,,50,26,N
12-19-2016-16009279,MIDDLESEX-SAYREVILLE BORO,4,N,Y,N,7,11,2,1,4,2,1,1,1,1,1,45,48,N
12-19-2016-E050-2016-01011A,MIDDLESEX-SAYREVILLE BORO,4,N,N,N,7,10,3,1,4,2,1,1,1,1,1,55,48,N
12-19-2016-16000406,MIDDLESEX-SAYREVILLE BORO,4,N,Y,N,7,11,2,1,0,2,1,1,1,1,,35,48,N
12-19-2016-16001768,MIDDLESEX-SAYREVILLE BORO,4,N,N,N,4,11,2,0,0,2,1,6,5,1,1,50,5,N
12-19-2016-16010593,MIDDLESEX-SAYREVILLE BORO,4,Y,N,N,2,1,2,1,4,2,1,6,1,1,1,50,26,N
12-19-2016-E050-2016-01760A,MIDDLESEX-SAYREVILLE BORO,4,N,N,N,4,11,3,1,4,2,1,1,1,1,1,55,5,N
12-19-2016-E050-2016-00675A,MIDDLESEX-SAYREVILLE BORO,5,N,N,N,4,11,3,0,0,2,1,1,1,1,1,65,5,N
12-19-2016-16022045,MIDDLESEX-SAYREVILLE BORO,4,N,N,N,2,3,5,1,4,2,1,1,1,4,1,40,26,N
12-21-2016-I-2016-003256,MIDDLESEX-SOUTH BRUNSWICK TWP,4,N,N,N,4,11,5,0,4,2,2,6,5,5,1,35,5,N
12-21-2016-I-2016-020784,MIDDLESEX-SOUTH BRUNSWICK TWP,5,N,N,N,4,10,5,0,4,2,1,7,1,5,1,50,5,N
12-21-2016-I-2016-034594,MIDDLESEX-SOUTH BRUNSWICK TWP,5,Y,N,N,1,13,2,1,4,2,1,5,1,1,1,55,22,N
12-21-2016-I-2016-000019,MIDDLESEX-SOUTH BRUNSWICK TWP,5,Y,N,N,2,3,2,1,4,2,1,6,1,1,1,55,26,N
12-21-2016-I-2016-057414,MIDDLESEX-SOUTH BRUNSWICK TWP,5,Y,N,N,2,7,2,1,4,2,1,1,1,2,1,50,26,N
12-21-2016-I-2016-077940,MIDDLESEX-SOUTH BRUNSWICK TWP,4,N,N,N,2,1,2,1,4,2,1,6,1,3,1,55,26,N
12-21-2016-I-2016-067308,MIDDLESEX-SOUTH BRUNSWICK TWP,5,Y,N,N,7,3,2,1,0,2,1,6,1,1,1,55,26,N
12-22-2016-16004478,MIDDLESEX-SOUTH PLAINFIELD BORO,4,N,N,N,4,11,7,0,4,2,1,1,1,5,1,35,6,N
12-22-2016-16-24121,MIDDLESEX-SOUTH PLAINFIELD BORO,4,N,Y,N,7,11,5,1,4,2,1,1,1,5,1,35,52,N
12-22-2016-16-45227,MIDDLESEX-SOUTH PLAINFIELD BORO,4,Y,Y,N,1,13,5,1,4,2,2,6,2,5,1,25,22,N
12-24-2016-I-S2016-05518,MIDDLESEX-SPOTSWOOD BORO,4,N,N,N,4,99,5,1,4,3,1,1,1,5,1,35,26,N
12-25-2016-16087183,MIDDLESEX-WOODBRIDGE TWP,5,N,N,N,4,11,2,1,4,2,1,2,1,5,1,40,5,N
12-25-2016-D010-2016-01081A,MIDDLESEX-WOODBRIDGE TWP,5,N,Y,N,7,11,3,1,4,2,2,1,5,1,1,65,46,N
12-25-2016-16075183,MIDDLESEX-WOODBRIDGE TWP,5,Y,N,N,2,4,2,1,4,2,1,1,5,4,1,35,26,N
12-25-2016-16099976,MIDDLESEX-WOODBRIDGE TWP,4,N,N,N,1,13,5,1,4,2,1,6,1,5,1,25,22,N
12-25-2016-16063357,MIDDLESEX-WOODBRIDGE TWP,5,N,N,N,1,13,9,1,4,2,1,1,1,5,1,25,22,N
12-25-2016-D010-2016-00307A,MIDDLESEX-WOODBRIDGE TWP,5,N,N,N,2,1,3,0,0,2,1,1,1,1,1,65,26,Y
12-25-2016-16139464,MIDDLESEX-WOODBRIDGE TWP,5,N,N,N,1,13,2,1,4,2,1,6,1,1,1,50,22,N
12-25-2016-1610039,MIDDLESEX-WOODBRIDGE TWP,4,N,N,N,7,10,2,1,4,2,1,6,1,1,1,50,56,N
12-25-2016-E040-2016-02707A,MIDDLESEX-WOODBRIDGE TWP,4,N,Y,N,4,11,3,1,0,2,1,1,1,3,1,55,6,N
12-25-2016-B130-2016-03012A,MIDDLESEX-WOODBRIDGE TWP,4,N,N,N,4,11,2,0,0,2,1,1,1,1,1,55,6,N
13-30-2016-I-2016-014819,MONMOUTH-ABERDEEN TWP,4,N,N,N,4,11,5,1,4,2,2,1,5,5,1,30,5,N
13-03-2016-16AP03811,MONMOUTH-ASBURY PARK CITY,4,N,N,N,1,13,7,1,4,2,1,6,1,5,1,25,22,N
13-05-2016-16AV00787,MONMOUTH-AVON-BY-THE-SEA BORO,4,Y,N,N,7,11,2,1,4,2,1,1,1,5,1,30,52,N
13-08-2016-16BR08320,MONMOUTH-BRIELLE BORO,5,N,Y,N,1,13,2,1,4,2,2,7,2,2,1,50,22,N
13-09-2016-16CN08278,MONMOUTH-COLTS NECK TWP,5,N,N,N,4,99,5,0,4,2,2,1,1,5,1,40,7,N
13-11-2016-I-2016-020055,MONMOUTH-EATONTOWN BORO,4,N,Y,N,4,11,7,0,4,2,1,6,1,5,1,25,6,N