crashid,location,severity_rating5,intersection,alcohol_involved,hazmat_involved,hs_collision_type,crash_type,road_sys_code,road_horiz_align_code,road_grade_code,road_surf_code,surf_cond_code,light_cond_code,environ_cond_code,road_median_code,temp_traffic_zone,posted_speed,first_harmful_event,flg_cell_in_use
15-14-2016-16-019150,OCEAN-LAKEWOOD TWP,4,Y,N,N,2,3,5,1,4,2,2,1,2,5,1,45,26,N
15-14-2016-16-043962,OCEAN-LAKEWOOD TWP,5,Y,N,N,1,13,5,1,4,2,1,7,1,5,1,40,22,N
15-14-2016-16-036547,OCEAN-LAKEWOOD TWP,4,Y,N,N,7,3,5,1,4,2,1,1,1,5,,50,26,N
15-14-2016-16-014937,OCEAN-LAKEWOOD TWP,4,Y,N,N,7,3,5,1,4,2,1,1,1,5,1,45,26,N
15-14-2016-16-020470,OCEAN-LAKEWOOD TWP,5,N,N,N,1,13,5,1,4,2,1,4,1,5,1,40,22,N
15-14-2016-16-059691,OCEAN-LAKEWOOD TWP,4,Y,N,N,2,14,7,1,4,2,1,1,1,5,1,25,26,N
15-14-2016-16-050013,OCEAN-LAKEWOOD TWP,4,Y,Y,N,7,3,2,1,4,2,1,7,1,5,1,35,26,N
15-14-2016-16-059435,OCEAN-LAKEWOOD TWP,4,N,N,N,2,1,7,1,0,2,2,1,2,5,1,45,26,N
15-14-2016-16-022949,OCEAN-LAKEWOOD TWP,4,Y,N,N,2,3,5,1,0,2,1,1,1,5,1,35,26,N
15-14-2016-16-079656,OCEAN-LAKEWOOD TWP,5,N,N,N,1,13,9,1,0,2,1,1,1,5,1,,22,N
15-14-2016-16-065877,OCEAN-LAKEWOOD TWP,5,N,N,N,5,14,7,1,4,2,2,7,2,5,1,25,21,N
15-14-2016-16-063773,OCEAN-LAKEWOOD TWP,4,N,N,N,2,1,2,1,4,2,1,1,1,1,1,50,26,N
15-14-2016-16-079462,OCEAN-LAKEWOOD TWP,5,N,N,N,1,13,9,1,4,2,1,1,5,5,1,,22,N
15-14-2016-16-074245,OCEAN-LAKEWOOD TWP,4,N,N,N,2,13,7,1,4,2,2,7,1,5,1,25,26,N
15-14-2016-16-077904,OCEAN-LAKEWOOD TWP,4,Y,N,N,2,3,5,1,4,2,2,7,2,5,1,35,26,N
15-14-2016-16-064847,OCEAN-LAKEWOOD TWP,4,Y,Y,N,2,14,5,1,4,2,1,7,1,5,1,50,26,N
15-16-2016-16-2848,OCEAN-LITTLE EGG HARBOR TWP,4,N,Y,N,4,4,5,1,4,2,1,7,1,5,1,55,26,N
15-16-2016-16-10848,OCEAN-LITTLE EGG HARBOR TWP,4,N,N,N,4,11,7,1,4,2,1,7,1,5,1,25,5,N
15-16-2016-16-5402,OCEAN-LITTLE EGG HARBOR TWP,5,Y,N,N,7,11,7,1,4,2,1,1,1,5,1,25,53,N
15-16-2016-16-12698,OCEAN-LITTLE EGG HARBOR TWP,5,N,N,N,4,11,5,0,4,2,1,7,1,5,1,35,5,N
15-16-2016-E030-2016-00639A,OCEAN-LITTLE EGG HARBOR TWP,4,N,N,N,4,99,3,1,4,2,1,1,1,1,1,65,6,N
15-16-2016-16-14483,OCEAN-LITTLE EGG HARBOR TWP,5,N,N,N,4,99,5,0,0,2,1,5,1,5,1,55,7,N
15-17-2016-LB2016-009700,OCEAN-LONG BEACH TWP,5,Y,N,N,2,99,5,1,4,2,1,1,1,2,2,45,29,N
15-18-2016-2016-195,OCEAN-MANCHESTER TWP,5,N,Y,N,4,4,5,1,4,2,2,1,2,5,1,40,26,N
15-18-2016-2016-056,OCEAN-MANCHESTER TWP,5,N,N,N,4,99,5,1,4,2,1,1,1,5,,50,7,N
15-18-2016-2016-0255,OCEAN-MANCHESTER TWP,5,N,N,N,2,1,2,1,4,2,1,1,1,5,1,55,26,N
15-18-2016-2016-417,OCEAN-MANCHESTER TWP,4,N,N,N,3,3,5,1,4,2,1,1,1,5,1,40,26,N
15-18-2016-2016-290,OCEAN-MANCHESTER TWP,4,N,N,N,4,11,2,1,4,2,1,1,1,5,1,50,6,N
15-18-2016-2016-459,OCEAN-MANCHESTER TWP,5,Y,N,N,4,3,2,1,4,2,1,1,1,5,1,55,26,N
15-20-2016-I-2016-24682,OCEAN-OCEAN TWP,5,Y,N,N,1,13,2,0,4,2,1,7,1,5,1,45,22,N
15-20-2016-I-2016-15341,OCEAN-OCEAN TWP,4,N,Y,N,4,99,5,0,4,2,1,5,1,5,1,50,6,N
15-20-2016-I-2016-28665,OCEAN-OCEAN TWP,4,N,N,N,1,13,2,0,4,2,1,2,1,5,1,45,22,N
15-20-2016-I-2016-28421,OCEAN-OCEAN TWP,4,N,N,N,4,11,7,1,4,2,1,7,1,5,1,35,6,N
15-23-2016-I-2016-004230,OCEAN-PLUMSTED TWP,5,N,N,N,4,11,5,1,4,2,1,1,1,5,1,50,5,N
15-23-2016-I-2016-004758,OCEAN-PLUMSTED TWP,5,N,N,N,4,11,5,1,4,2,3,6,3,5,,50,6,N
15-23-2016-I-2016-000305,OCEAN-PLUMSTED TWP,5,N,N,N,4,11,5,0,4,2,1,5,1,5,1,45,5,N
15-24-2016-16-201-AC,OCEAN-POINT PLEASANT BORO,4,N,N,N,1,13,2,1,4,2,1,7,1,5,1,35,22,N
15-24-2016-16-328-AC,OCEAN-POINT PLEASANT BORO,4,N,Y,N,2,2,7,1,4,2,1,7,1,5,1,25,28,Y
15-25-2016-16-271,OCEAN-PT PLEASANT BEACH BORO,4,Y,N,N,7,3,2,1,4,2,1,6,1,1,1,35,26,N
15-25-2016-16-112,OCEAN-PT PLEASANT BEACH BORO,4,N,N,N,2,13,2,1,4,2,1,6,1,2,1,40,26,N
15-25-2016-16-143,OCEAN-PT PLEASANT BEACH BORO,4,Y,N,N,1,13,5,1,4,2,1,6,1,5,1,35,22,N
15-25-2016-16BR07099,OCEAN-PT PLEASANT BEACH BORO,5,N,N,N,2,1,2,1,7,2,1,1,1,1,,50,26,N
15-25-2016-16-50,OCEAN-PT PLEASANT BEACH BORO,4,N,Y,N,4,11,5,0,4,2,1,6,1,5,1,25,5,N
15-28-2016-SB-2016-0000898,OCEAN-SHIP BOTTOM BORO,5,Y,N,N,7,3,2,1,4,2,1,1,1,5,1,40,26,N
15-28-2016-SB-2016-004704,OCEAN-SHIP BOTTOM BORO,4,Y,N,N,1,13,7,1,4,2,1,1,1,5,1,35,22,N
15-29-2016-E030-2016-00376A,OCEAN-SOUTH TOMS RIVER BORO,4,N,Y,N,4,11,3,1,4,2,1,1,1,3,1,65,6,N
15-29-2016-20160911M1571,OCEAN-SOUTH TOMS RIVER BORO,4,N,N,N,7,11,5,1,0,2,1,1,1,5,1,35,56,N
15-29-2016-E030-2016-00389A,OCEAN-SOUTH TOMS RIVER BORO,4,N,N,N,7,11,3,0,0,2,1,1,1,3,1,55,46,N
15-29-2016-E030-2016-00790A,OCEAN-SOUTH TOMS RIVER BORO,4,N,N,N,4,11,3,1,4,2,1,1,1,1,1,65,5,N
15-30-2016-E030-2016-01285A,OCEAN-STAFFORD TWP,5,N,N,N,7,11,3,1,4,2,1,1,1,1,1,,46,N
15-30-2016-E030-2016-00242A,OCEAN-STAFFORD TWP,4,N,N,N,4,11,3,1,4,2,2,1,2,3,1,65,6,N
15-30-2016-E030-2016-01019A,OCEAN-STAFFORD TWP,4,N,N,N,2,1,3,1,4,2,1,1,1,1,1,,26,N
15-07-2016-16-45735,OCEAN-TOMS RIVER TWP,4,Y,N,N,2,7,5,1,4,2,1,1,1,5,1,40,26,N
15-07-2016-16-45121,OCEAN-TOMS RIVER TWP,5,Y,N,N,2,3,7,1,4,2,1,6,1,5,1,25,26,N
15-07-2016-16-48769,OCEAN-TOMS RIVER TWP,4,N,N,N,2,2,2,1,0,2,1,1,1,,1,35,26,N
15-07-2016-16-66900,OCEAN-TOMS RIVER TWP,5,Y,N,N,1,13,2,1,4,2,1,6,1,,1,45,22,N
15-07-2016-16-47438,OCEAN-TOMS RIVER TWP,4,N,N,N,2,3,7,1,4,2,1,1,1,4,,45,26,N
15-07-2016-16-37012,OCEAN-TOMS RIVER TWP,4,N,N,N,2,1,2,1,4,2,1,1,1,,1,50,26,N
15-07-2016-16-38671,OCEAN-TOMS RIVER TWP,4,N,N,N,2,13,5,0,0,2,1,1,5,5,1,35,26,N
15-07-2016-16-60377,OCEAN-TOMS RIVER TWP,4,N,Y,N,4,5,2,1,4,2,1,6,1,5,1,45,26,N
15-07-2016-E030-2016-00575A,OCEAN-TOMS RIVER TWP,5,N,N,N,2,1,3,,,2,1,5,1,1,1,,26,N
15-07-2016-16-25395,OCEAN-TOMS RIVER TWP,4,N,N,N,2,3,5,1,4,2,1,1,5,4,1,45,26,N
15-07-2016-16-68005,OCEAN-TOMS RIVER TWP,4,Y,N,N,2,3,7,1,4,2,2,1,2,,,25,26,N
15-07-2016-16-03060,OCEAN-TOMS RIVER TWP,4,N,N,N,2,3,7,1,4,2,1,1,1,,,35,26,N
15-07-2016-16-46232,OCEAN-TOMS RIVER TWP,4,N,N,N,2,13,5,1,4,2,1,6,1,5,1,45,26,N
15-07-2016-16-13695,OCEAN-TOMS RIVER TWP,4,Y,N,N,2,3,7,1,0,2,1,1,1,5,1,40,26,N
15-07-2016-16-13172,OCEAN-TOMS RIVER TWP,5,N,N,N,4,11,5,0,0,2,1,1,1,5,1,45,6,N
15-07-2016-16-71763,OCEAN-TOMS RIVER TWP,4,N,N,N,2,1,5,0,4,2,1,1,1,,1,40,26,N
15-07-2016-16-40549,OCEAN-TOMS RIVER TWP,5,N,Y,N,2,4,5,1,4,2,1,1,1,5,1,45,26,N
15-07-2016-16-30267,OCEAN-TOMS RIVER TWP,4,N,N,N,2,1,5,1,4,2,1,1,1,2,1,50,26,N
15-07-2016-16-49562,OCEAN-TOMS RIVER TWP,4,Y,N,N,2,7,5,1,4,2,1,1,1,5,1,45,26,N
15-07-2016-16-35249,OCEAN-TOMS RIVER TWP,4,Y,N,N,4,3,7,1,0,2,1,1,1,,,35,26,N
15-07-2016-16-41890,OCEAN-TOMS RIVER TWP,4,N,N,N,4,11,2,1,4,2,1,1,1,5,1,50,5,N
15-07-2016-16-49980,OCEAN-TOMS RIVER TWP,4,Y,N,N,2,3,5,1,0,2,1,1,1,4,,50,26,N
15-07-2016-16-23668,OCEAN-TOMS RIVER TWP,4,Y,N,N,2,2,2,1,4,2,1,1,5,2,1,50,26,N
15-07-2016-16-72613,OCEAN-TOMS RIVER TWP,5,Y,N,N,1,13,5,1,4,2,2,1,1,5,3,,22,N
15-07-2016-16-42018,OCEAN-TOMS RIVER TWP,4,Y,N,N,2,4,5,0,4,2,1,1,1,5,1,45,26,N
15-07-2016-16-27493,OCEAN-TOMS RIVER TWP,4,Y,N,N,2,7,2,1,4,2,1,6,1,5,1,50,26,N
15-07-2016-16-70397,OCEAN-TOMS RIVER TWP,5,N,N,N,1,13,2,1,4,2,1,6,1,,,50,22,N
15-07-2016-16-73042,OCEAN-TOMS RIVER TWP,4,N,N,N,7,1,5,1,4,2,1,1,5,5,1,35,26,N
15-07-2016-16-20902,OCEAN-TOMS RIVER TWP,4,N,N,N,1,13,7,1,4,2,1,1,1,5,1,25,22,N
15-07-2016-16-53922,OCEAN-TOMS RIVER TWP,4,N,N,N,2,1,7,1,4,2,1,1,1,5,1,25,26,N
15-07-2016-16-26145,OCEAN-TOMS RIVER TWP,4,N,N,N,7,11,2,1,4,2,1,1,1,5,1,50,61,N
15-07-2016-16-09370,OCEAN-TOMS RIVER TWP,4,Y,N,N,7,11,5,1,4,2,1,1,1,5,1,35,56,N
15-07-2016-16-65070,OCEAN-TOMS RIVER TWP,4,Y,N,N,2,7,7,1,0,2,1,1,1,,,35,26,N
15-32-2016-16-03283,OCEAN-TUCKERTON BORO,4,N,N,N,2,4,2,1,4,2,1,1,1,5,1,30,26,N
16-02-2016-2016004695,PASSAIC-CLIFTON CITY,4,N,Y,N,2,6,5,1,4,2,1,1,1,5,1,40,28,N
16-02-2016-2016063627,PASSAIC-CLIFTON CITY,5,N,Y,N,3,3,2,0,4,2,1,6,1,1,1,55,26,N
16-02-2016-2016000039,PASSAIC-CLIFTON CITY,4,N,N,N,1,13,5,1,0,2,1,6,1,5,1,,22,N
16-02-2016-2016036239,PASSAIC-CLIFTON CITY,4,Y,N,N,1,13,5,1,4,2,1,1,1,4,1,,22,N
16-02-2016-2016059333,PASSAIC-CLIFTON CITY,4,N,N,N,2,6,7,1,4,2,1,6,1,5,1,25,28,N
16-02-2016-2016055821,PASSAIC-CLIFTON CITY,4,N,N,N,2,1,2,1,4,2,1,1,1,1,1,55,26,N
16-02-2016-2016027076,PASSAIC-CLIFTON CITY,4,Y,Y,N,7,11,2,0,0,2,1,1,1,1,1,50,56,N
16-02-2016-2016054425,PASSAIC-CLIFTON CITY,4,N,N,N,1,13,5,1,4,2,1,1,1,4,1,25,22,N
16-02-2016-2016052402,PASSAIC-CLIFTON CITY,4,Y,Y,N,2,3,5,1,0,2,1,6,1,5,1,35,26,N
16-02-2016-2016046599,PASSAIC-CLIFTON CITY,4,Y,N,N,2,3,5,1,4,2,1,1,1,4,1,35,26,N
16-02-2016-2016017534,PASSAIC-CLIFTON CITY,5,N,N,N,8,2,2,1,4,2,1,1,1,1,1,55,26,N
16-02-2016-2016020257,PASSAIC-CLIFTON CITY,4,N,N,N,7,11,7,0,4,2,2,6,1,5,1,25,52,N
16-02-2016-2016058597,PASSAIC-CLIFTON CITY,4,N,Y,N,7,11,2,1,4,2,1,6,1,1,1,55,48,N
16-02-2016-2016008359,PASSAIC-CLIFTON CITY,4,N,Y,N,7,11,2,1,4,2,1,6,1,1,1,55,48,N
16-02-2016-2016051128,PASSAIC-CLIFTON CITY,4,N,N,N,7,11,2,1,0,2,1,6,1,1,1,55,56,N
16-02-2016-2016064219,PASSAIC-CLIFTON CITY,4,N,Y,N,2,4,2,0,4,2,1,6,1,1,1,50,26,N
16-02-2016-2016050766,PASSAIC-CLIFTON CITY,4,N,N,N,7,11,5,1,4,2,1,1,1,5,1,40,56,N
16-02-2016-2016003061,PASSAIC-CLIFTON CITY,5,N,N,N,1,13,5,1,4,2,1,6,1,4,1,25,22,N
16-02-2016-2016063853,PASSAIC-CLIFTON CITY,4,Y,N,N,1,13,5,1,4,2,1,6,1,5,1,25,22,N
16-04-2016-16-05669,PASSAIC-HAWTHORNE BORO,4,N,N,N,2,6,5,1,4,2,1,6,1,5,1,25,28,N
16-04-2016-16-15909,PASSAIC-HAWTHORNE BORO,4,N,Y,N,1,13,5,1,4,2,1,1,1,5,1,35,22,N
16-05-2016-16-05448,PASSAIC-LITTLE FALLS TWP,4,N,N,N,4,99,2,1,4,2,1,1,1,1,1,50,11,N
16-05-2016-16-00854,PASSAIC-LITTLE FALLS TWP,4,N,N,N,1,13,5,1,4,2,1,1,1,5,1,25,22,N
16-07-2016-16-84411,PASSAIC-PASSAIC CITY,4,N,N,N,7,4,2,1,4,2,1,6,1,1,1,55,26,N
16-07-2016-2016064219,PASSAIC-PASSAIC CITY,4,N,Y,N,2,4,2,0,4,2,1,6,1,1,1,50,26,N
16-08-2016-16-00142,PASSAIC-PATERSON CITY,4,Y,N,N,9,16,7,1,0,2,1,6,1,4,1,25,23,N
16-08-2016-16-031043,PASSAIC-PATERSON CITY,4,Y,N,N,2,3,7,1,4,2,2,1,1,4,1,25,26,N
16-08-2016-16-045361,PASSAIC-PATERSON CITY,4,N,Y,N,1,13,7,1,4,2,1,6,1,5,1,25,22,N
16-08-2016-16-001992,PASSAIC-PATERSON CITY,4,N,N,N,2,6,7,1,4,2,1,6,1,5,1,25,26,N
16-08-2016-16-064262,PASSAIC-PATERSON CITY,4,Y,Y,N,2,4,7,1,0,2,1,6,1,5,1,25,26,N
16-08-2016-16-93087,PASSAIC-PATERSON CITY,5,N,N,N,1,13,4,,,,,,,,,25,22,N
16-08-2016-16-027756,PASSAIC-PATERSON CITY,5,Y,N,N,3,10,5,1,7,2,1,1,1,5,1,25,1,N
16-08-2016-16-056481,PASSAIC-PATERSON CITY,5,N,N,N,7,11,6,1,0,5,1,1,1,,1,,69,N
16-08-2016-16-052275,PASSAIC-PATERSON CITY,5,Y,N,N,2,3,7,1,4,2,1,6,1,5,1,25,26,N
16-08-2016-16094993,PASSAIC-PATERSON CITY,4,N,N,N,2,13,7,1,4,2,1,6,1,,,25,26,N
16-08-2016-16-033308,PASSAIC-PATERSON CITY,5,Y,N,N,2,3,7,1,0,2,1,6,1,5,1,25,26,N
16-08-2016-16-021229,PASSAIC-PATERSON CITY,4,N,N,N,2,2,5,1,4,2,1,6,1,4,1,25,26,N
16-08-2016-16-088277,PASSAIC-PATERSON CITY,4,Y,N,N,2,3,5,1,4,2,2,6,2,4,1,25,26,N
16-08-2016-16-062468,PASSAIC-PATERSON CITY,4,Y,N,N,7,11,7,1,0,2,1,1,5,4,1,35,60,N
16-08-2016-16-036410,PASSAIC-PATERSON CITY,4,N,N,N,2,2,5,0,0,2,1,1,1,4,1,25,26,N
16-08-2016-16-047196,PASSAIC-PATERSON CITY,4,N,N,N,2,13,5,1,4,2,1,5,1,4,1,25,26,N
16-08-2016-16-066599,PASSAIC-PATERSON CITY,4,N,N,N,7,1,5,1,4,2,1,1,1,1,1,45,26,N
16-08-2016-2016-035967,PASSAIC-PATERSON CITY,5,N,N,N,1,13,7,1,4,2,1,1,1,5,1,25,22,N
16-08-2016-2016-058165,PASSAIC-PATERSON CITY,4,Y,N,N,7,11,2,0,0,2,1,6,1,1,1,35,56,N
16-08-2016-B060-2016-03424A,PASSAIC-PATERSON CITY,4,N,N,N,3,10,1,1,4,2,2,6,2,1,,55,1,N
16-08-2016-16-039856,PASSAIC-PATERSON CITY,5,Y,N,N,2,1,2,1,4,2,2,6,2,1,,35,26,N
16-08-2016-16-047825,PASSAIC-PATERSON CITY,5,N,N,N,2,8,5,1,4,2,1,1,1,4,1,25,26,N
16-08-2016-16-05885,PASSAIC-PATERSON CITY,4,N,N,N,2,2,5,0,0,2,1,1,1,5,1,25,26,N
16-08-2016-16-057016,PASSAIC-PATERSON CITY,4,Y,N,N,1,13,5,1,4,2,1,1,1,4,1,25,26,N
16-08-2016-16-84740,PASSAIC-PATERSON CITY,4,Y,N,N,4,11,5,1,4,2,1,1,1,4,1,25,5,N
16-08-2016-16-068918,PASSAIC-PATERSON CITY,4,Y,N,N,2,3,7,1,4,2,1,1,1,5,1,25,26,N
16-08-2016-16-082940,PASSAIC-PATERSON CITY,4,N,N,N,2,14,7,1,4,2,1,1,1,5,1,25,26,N
16-08-2016-16-032948,PASSAIC-PATERSON CITY,4,Y,N,N,2,3,7,1,4,2,1,6,1,5,1,25,26,N
16-08-2016-16-019501,PASSAIC-PATERSON CITY,4,Y,N,N,2,4,5,1,4,2,1,6,1,5,1,25,26,N
16-08-2016-16-047868,PASSAIC-PATERSON CITY,4,N,N,N,2,13,7,,,,,,,,,25,26,N
16-08-2016-2016-047300,PASSAIC-PATERSON CITY,4,N,N,N,2,13,7,1,4,2,1,6,1,5,1,25,26,N
16-11-2016-I-2016-001472,PASSAIC-RINGWOOD BORO,4,Y,N,N,2,7,5,1,0,2,1,1,1,5,1,35,26,N
16-11-2016-I-2016-012417,PASSAIC-RINGWOOD BORO,5,N,N,N,2,99,5,0,4,2,1,1,1,5,1,45,26,N
16-11-2016-I-2016-010173,PASSAIC-RINGWOOD BORO,4,N,N,N,2,4,7,1,0,2,1,1,1,5,1,30,26,N
16-11-2016-I-2016-012334,PASSAIC-RINGWOOD BORO,4,N,Y,N,4,10,7,1,7,2,1,5,1,5,1,25,5,N
16-12-2016-B060-2016-01144A,PASSAIC-TOTOWA BORO,4,N,N,N,2,99,1,1,4,2,1,7,1,1,1,55,26,N
16-12-2016-16-03062,PASSAIC-TOTOWA BORO,4,N,N,N,7,11,5,1,7,2,1,7,1,4,5,,52,N
16-12-2016-B060-2016-02211A,PASSAIC-TOTOWA BORO,5,N,N,N,4,4,1,1,4,2,1,5,1,1,1,,26,N
16-12-2016-16-00591,PASSAIC-TOTOWA BORO,4,N,N,N,7,11,2,1,4,2,1,6,1,1,1,50,48,N
16-12-2016-B060-2016-01480A,PASSAIC-TOTOWA BORO,5,N,N,N,1,13,1,1,4,2,1,7,1,1,1,55,22,N
16-12-2016-B060-2016-01143A,PASSAIC-TOTOWA BORO,5,N,Y,N,4,2,1,1,4,2,1,7,1,1,1,55,26,N
16-13-2016-I-2016-001396,PASSAIC-WANAQUE BORO,4,N,N,N,2,4,5,1,4,2,1,6,1,4,1,35,26,N
16-14-2016-2016021542,PASSAIC-WAYNE TWP,4,Y,N,N,2,3,5,1,0,2,1,1,1,4,1,40,26,N
16-14-2016-2016048789,PASSAIC-WAYNE TWP,4,N,N,N,2,7,5,1,0,2,1,1,1,5,1,40,26,N
16-14-2016-2016015118,PASSAIC-WAYNE TWP,5,N,N,N,4,99,7,0,7,2,1,1,1,5,1,25,7,N
16-14-2016-2016031840,PASSAIC-WAYNE TWP,4,N,N,N,7,11,2,0,4,2,1,1,1,5,1,35,46,N
16-14-2016-2016017353,PASSAIC-WAYNE TWP,4,N,N,N,2,1,2,1,4,2,1,1,1,1,1,55,26,N
16-14-2016-2016059259,PASSAIC-WAYNE TWP,4,N,Y,N,7,11,2,0,4,2,1,6,5,2,1,55,48,N
16-14-2016-2016059677,PASSAIC-WAYNE TWP,4,N,N,N,1,13,5,1,4,2,1,6,1,5,1,40,22,N
16-14-2016-B060-2016-03806A,PASSAIC-WAYNE TWP,5,N,N,N,4,11,1,1,4,2,1,7,1,1,1,,6,N
16-14-2016-2016041820,PASSAIC-WAYNE TWP,4,N,N,N,2,4,5,0,4,2,2,1,2,5,1,35,26,N
16-15-2016-16-3355-AC,PASSAIC-WEST MILFORD TWP,5,N,N,N,4,99,7,0,4,2,1,7,1,5,1,45,7,N
16-15-2016-16-10-AC,PASSAIC-WEST MILFORD TWP,5,N,Y,N,4,99,7,0,0,2,1,5,1,5,,35,6,N
16-15-2016-16-15932-AC,PASSAIC-WEST MILFORD TWP,4,N,N,N,7,11,7,1,4,2,1,5,1,5,1,50,60,N
16-15-2016-16-6917-AC,PASSAIC-WEST MILFORD TWP,5,N,Y,N,4,11,7,0,0,2,1,5,1,5,1,35,6,N
16-15-2016-16-4705-AC,PASSAIC-WEST MILFORD TWP,4,N,N,N,4,4,5,0,0,2,1,1,1,5,1,35,26,N
16-15-2016-16-7681-AC,PASSAIC-WEST MILFORD TWP,4,N,N,N,4,3,5,1,4,2,1,1,1,5,1,40,26,N
16-15-2016-16-13303-AC,PASSAIC-WEST MILFORD TWP,5,N,N,N,4,99,7,0,4,2,1,7,1,5,1,40,7,N
16-15-2016-16-13667-AC,PASSAIC-WEST MILFORD TWP,4,N,N,N,4,10,7,0,0,2,1,1,1,5,1,30,6,N
16-15-2016-16-14737-AC,PASSAIC-WEST MILFORD TWP,5,N,N,N,1,13,8,1,4,2,1,5,1,5,1,5,22,N
17-13-2016-D020-2016-0031A,SALEM-CARNEYS POINT TWP,4,N,N,N,7,11,3,1,4,2,1,1,1,1,1,65,46,N
17-13-2016-CP-2016-03204,SALEM-CARNEYS POINT TWP,5,N,N,N,4,99,9,1,0,3,1,7,1,5,1,15,3,N
17-13-2016-A140-2016-00667A,SALEM-CARNEYS POINT TWP,5,N,N,N,3,2,1,,,2,1,3,1,2,1,,26,N
17-13-2016-D020-2016-00006A,SALEM-CARNEYS POINT TWP,4,N,N,N,4,11,3,1,4,2,1,1,1,1,1,65,5,N
17-13-2016-D020-2016-00031A,SALEM-CARNEYS POINT TWP,4,N,N,N,7,11,3,1,4,2,1,1,1,1,1,65,46,N
17-05-2016-A140-2016-00366A,SALEM-MANNINGTON TWP,5,N,N,N,7,11,5,0,4,2,1,7,1,2,1,50,56,N
17-06-2016-A140-2016-00056A,SALEM-OLDMANS TWP,5,N,N,N,2,99,5,0,4,2,4,1,1,5,1,35,26,N
17-08-2016-PV-2016-10237,SALEM-PENNSVILLE TWP,5,N,N,N,4,11,2,1,4,2,1,1,1,4,1,50,5,N
17-08-2016-PV-2016-13200,SALEM-PENNSVILLE TWP,4,N,N,N,7,11,5,1,4,2,1,1,5,5,1,50,69,N
17-09-2016-A140-2016-00531A,SALEM-PILESGROVE TWP,5,Y,N,N,3,3,5,1,4,2,1,1,1,5,1,50,26,N
17-09-2016-A140-2016-00654A,SALEM-PILESGROVE TWP,5,Y,N,N,4,3,7,1,4,2,2,1,2,5,1,50,26,N
17-09-2016-A140-2016-00345A,SALEM-PILESGROVE TWP,5,N,N,N,4,1,2,,,2,1,1,1,5,1,,26,N
17-09-2016-A140-2016-00875A,SALEM-PILESGROVE TWP,5,N,N,N,1,13,2,,,2,1,5,1,5,1,,22,N
17-10-2016-A040-2016-00522A,SALEM-PITTSGROVE TWP,5,N,N,N,4,11,5,,,2,1,1,1,5,1,,5,N
17-10-2016-A100-2016-00046A,SALEM-PITTSGROVE TWP,5,N,N,N,4,11,2,0,4,2,2,5,2,3,1,65,5,Y
17-10-2016-A040-2016-00130A,SALEM-PITTSGROVE TWP,4,N,N,N,4,11,5,1,4,2,2,5,5,5,1,25,5,N
17-10-2016-A040-2016-00359A,SALEM-PITTSGROVE TWP,5,Y,N,N,4,3,5,1,4,2,1,1,1,5,1,50,26,N
17-11-2016-A140-2016-00022A,SALEM-QUINTON TWP,5,N,N,N,4,99,2,1,4,2,1,1,1,5,1,50,7,N
17-11-2016-A140-2016-00340A,SALEM-QUINTON TWP,4,N,N,N,7,11,2,0,4,2,1,7,1,5,1,25,56,N
17-12-2016-SC-2016-11781,SALEM-SALEM CITY,4,N,N,N,2,3,7,1,4,2,1,1,1,5,1,,26,N
17-12-2016-SC-2016-00879,SALEM-SALEM CITY,5,Y,N,N,2,3,2,1,4,2,2,1,5,5,1,35,26,N